12	25204575	C	A	.	157	2	1.27%	A|3_prime_UTR_variant|MODIFIER|ETFRF1|ENSG00000205707|transcript|ENST00000381356.9|protein_coding|3/3|c.*263C>A|||||263|,A|3_prime_UTR_variant|MODIFIER|ETFRF1|ENSG00000205707|transcript|ENST00000557540.7|protein_coding|3/3|c.*263C>A|||||263|,A|3_prime_UTR_variant|MODIFIER|ETFRF1|ENSG00000205707|transcript|ENST00000556351.6|protein_coding|4/4|c.*263C>A|||||263|,A|3_prime_UTR_variant|MODIFIER|ETFRF1|ENSG00000205707|transcript|ENST00000555711.6|protein_coding|3/3|c.*438C>A|||||438|,A|3_prime_UTR_variant|MODIFIER|ETFRF1|ENSG00000205707|transcript|ENST00000556927.6|protein_coding|4/4|c.*263C>A|||||263|,A|3_prime_UTR_variant|MODIFIER|ETFRF1|ENSG00000205707|transcript|ENST00000556402.6|protein_coding|2/2|c.*487C>A|||||487|,A|downstream_gene_variant|MODIFIER|KRAS|ENSG00000133703|transcript|ENST00000256078.9|protein_coding||c.*5341G>T|||||671|,A|downstream_gene_variant|MODIFIER|KRAS|ENSG00000133703|transcript|ENST00000311936.8|protein_coding||c.*5220G>T|||||671|,A|downstream_gene_variant|MODIFIER|ETFRF1|ENSG00000205707|transcript|ENST00000554266.6|protein_coding||c.*487C>A|||||403|,A|downstream_gene_variant|MODIFIER|ETFRF1|ENSG00000205707|transcript|ENST00000556198.2|protein_coding||c.*428C>A|||||428|WARNING_TRANSCRIPT_NO_STOP_CODON,A|downstream_gene_variant|MODIFIER|KRAS|ENSG00000133703|transcript|ENST00000557334.5|protein_coding||c.*5220G>T|||||4593|,A|intron_variant|MODIFIER|ETFRF1|ENSG00000205707|transcript|ENST00000553788.6|protein_coding|3/3|c.51+568C>A||||||
12	25204640	CAA	C	.	197	101	50.75%	C|3_prime_UTR_variant|MODIFIER|ETFRF1|ENSG00000205707|transcript|ENST00000381356.9|protein_coding|3/3|c.*329_*330delAA|||||329|,C|3_prime_UTR_variant|MODIFIER|ETFRF1|ENSG00000205707|transcript|ENST00000557540.7|protein_coding|3/3|c.*329_*330delAA|||||329|,C|3_prime_UTR_variant|MODIFIER|ETFRF1|ENSG00000205707|transcript|ENST00000556351.6|protein_coding|4/4|c.*329_*330delAA|||||329|,C|3_prime_UTR_variant|MODIFIER|ETFRF1|ENSG00000205707|transcript|ENST00000555711.6|protein_coding|3/3|c.*504_*505delAA|||||504|,C|3_prime_UTR_variant|MODIFIER|ETFRF1|ENSG00000205707|transcript|ENST00000556927.6|protein_coding|4/4|c.*329_*330delAA|||||329|,C|3_prime_UTR_variant|MODIFIER|ETFRF1|ENSG00000205707|transcript|ENST00000556402.6|protein_coding|2/2|c.*553_*554delAA|||||553|,C|downstream_gene_variant|MODIFIER|KRAS|ENSG00000133703|transcript|ENST00000256078.9|protein_coding||c.*5274_*5275delTT|||||605|,C|downstream_gene_variant|MODIFIER|KRAS|ENSG00000133703|transcript|ENST00000311936.8|protein_coding||c.*5153_*5154delTT|||||605|,C|downstream_gene_variant|MODIFIER|ETFRF1|ENSG00000205707|transcript|ENST00000554266.6|protein_coding||c.*553_*554delAA|||||469|,C|downstream_gene_variant|MODIFIER|ETFRF1|ENSG00000205707|transcript|ENST00000556198.2|protein_coding||c.*494_*495delAA|||||494|WARNING_TRANSCRIPT_NO_STOP_CODON,C|downstream_gene_variant|MODIFIER|KRAS|ENSG00000133703|transcript|ENST00000557334.5|protein_coding||c.*5153_*5154delTT|||||4527|,C|intron_variant|MODIFIER|ETFRF1|ENSG00000205707|transcript|ENST00000553788.6|protein_coding|3/3|c.51+634_51+635delAA||||||
12	25204694	TA	T	.	721	341	45.77%	T|3_prime_UTR_variant|MODIFIER|ETFRF1|ENSG00000205707|transcript|ENST00000381356.9|protein_coding|3/3|c.*383delA|||||383|,T|3_prime_UTR_variant|MODIFIER|ETFRF1|ENSG00000205707|transcript|ENST00000557540.7|protein_coding|3/3|c.*383delA|||||383|,T|3_prime_UTR_variant|MODIFIER|ETFRF1|ENSG00000205707|transcript|ENST00000556402.6|protein_coding|2/2|c.*607delA|||||607|,T|downstream_gene_variant|MODIFIER|KRAS|ENSG00000133703|transcript|ENST00000256078.9|protein_coding||c.*5221delT|||||551|,T|downstream_gene_variant|MODIFIER|KRAS|ENSG00000133703|transcript|ENST00000311936.8|protein_coding||c.*5100delT|||||551|,T|downstream_gene_variant|MODIFIER|ETFRF1|ENSG00000205707|transcript|ENST00000556351.6|protein_coding||c.*383delA|||||29|,T|downstream_gene_variant|MODIFIER|ETFRF1|ENSG00000205707|transcript|ENST00000555711.6|protein_coding||c.*558delA|||||12|,T|downstream_gene_variant|MODIFIER|ETFRF1|ENSG00000205707|transcript|ENST00000554266.6|protein_coding||c.*607delA|||||523|,T|downstream_gene_variant|MODIFIER|ETFRF1|ENSG00000205707|transcript|ENST00000556927.6|protein_coding||c.*383delA|||||25|,T|downstream_gene_variant|MODIFIER|ETFRF1|ENSG00000205707|transcript|ENST00000556198.2|protein_coding||c.*548delA|||||548|WARNING_TRANSCRIPT_NO_STOP_CODON,T|downstream_gene_variant|MODIFIER|KRAS|ENSG00000133703|transcript|ENST00000557334.5|protein_coding||c.*5100delT|||||4473|,T|intron_variant|MODIFIER|ETFRF1|ENSG00000205707|transcript|ENST00000553788.6|protein_coding|3/3|c.51+688delA||||||
12	25205191	C	A	.	24	3	12.5%	A|downstream_gene_variant|MODIFIER|ETFRF1|ENSG00000205707|transcript|ENST00000381356.9|protein_coding||c.*879C>A|||||48|,A|downstream_gene_variant|MODIFIER|KRAS|ENSG00000133703|transcript|ENST00000256078.9|protein_coding||c.*4725G>T|||||55|,A|downstream_gene_variant|MODIFIER|KRAS|ENSG00000133703|transcript|ENST00000311936.8|protein_coding||c.*4604G>T|||||55|,A|downstream_gene_variant|MODIFIER|ETFRF1|ENSG00000205707|transcript|ENST00000557540.7|protein_coding||c.*879C>A|||||56|,A|downstream_gene_variant|MODIFIER|ETFRF1|ENSG00000205707|transcript|ENST00000556351.6|protein_coding||c.*879C>A|||||525|,A|downstream_gene_variant|MODIFIER|ETFRF1|ENSG00000205707|transcript|ENST00000555711.6|protein_coding||c.*1054C>A|||||508|,A|downstream_gene_variant|MODIFIER|ETFRF1|ENSG00000205707|transcript|ENST00000554266.6|protein_coding||c.*1103C>A|||||1019|,A|downstream_gene_variant|MODIFIER|ETFRF1|ENSG00000205707|transcript|ENST00000556927.6|protein_coding||c.*879C>A|||||521|,A|downstream_gene_variant|MODIFIER|ETFRF1|ENSG00000205707|transcript|ENST00000556402.6|protein_coding||c.*1103C>A|||||459|,A|downstream_gene_variant|MODIFIER|ETFRF1|ENSG00000205707|transcript|ENST00000556198.2|protein_coding||c.*1044C>A|||||1044|WARNING_TRANSCRIPT_NO_STOP_CODON,A|downstream_gene_variant|MODIFIER|KRAS|ENSG00000133703|transcript|ENST00000557334.5|protein_coding||c.*4604G>T|||||3977|,A|intron_variant|MODIFIER|ETFRF1|ENSG00000205707|transcript|ENST00000553788.6|protein_coding|3/3|c.51+1184C>A||||||
12	25209531	G	A	.	10	10	100%	A|3_prime_UTR_variant|MODIFIER|KRAS|ENSG00000133703|transcript|ENST00000256078.9|protein_coding|6/6|c.*385C>T|||||5910|,A|3_prime_UTR_variant|MODIFIER|KRAS|ENSG00000133703|transcript|ENST00000311936.8|protein_coding|5/5|c.*264C>T|||||264|,A|3_prime_UTR_variant|MODIFIER|ETFRF1|ENSG00000205707|transcript|ENST00000553788.6|protein_coding|4/4|c.*268G>A|||||268|,A|3_prime_UTR_variant|MODIFIER|KRAS|ENSG00000133703|transcript|ENST00000557334.5|protein_coding|3/3|c.*264C>T|||||264|,A|upstream_gene_variant|MODIFIER|AC092794.1|ENSG00000274987|transcript|ENST00000612734.1|pseudogene||n.-1121G>A|||||1121|,A|downstream_gene_variant|MODIFIER|ETFRF1|ENSG00000205707|transcript|ENST00000381356.9|protein_coding||c.*5219G>A|||||4388|,A|downstream_gene_variant|MODIFIER|ETFRF1|ENSG00000205707|transcript|ENST00000557540.7|protein_coding||c.*5219G>A|||||4396|,A|downstream_gene_variant|MODIFIER|ETFRF1|ENSG00000205707|transcript|ENST00000556351.6|protein_coding||c.*5219G>A|||||4865|,A|downstream_gene_variant|MODIFIER|ETFRF1|ENSG00000205707|transcript|ENST00000555711.6|protein_coding||c.*5394G>A|||||4848|,A|downstream_gene_variant|MODIFIER|ETFRF1|ENSG00000205707|transcript|ENST00000556927.6|protein_coding||c.*5219G>A|||||4861|,A|downstream_gene_variant|MODIFIER|ETFRF1|ENSG00000205707|transcript|ENST00000556402.6|protein_coding||c.*5443G>A|||||4799|
12	25209618	A	C	.	33	9	27.27%	C|3_prime_UTR_variant|MODIFIER|KRAS|ENSG00000133703|transcript|ENST00000256078.9|protein_coding|6/6|c.*298T>G|||||5823|,C|3_prime_UTR_variant|MODIFIER|KRAS|ENSG00000133703|transcript|ENST00000311936.8|protein_coding|5/5|c.*177T>G|||||177|,C|3_prime_UTR_variant|MODIFIER|ETFRF1|ENSG00000205707|transcript|ENST00000553788.6|protein_coding|4/4|c.*355A>C|||||355|,C|3_prime_UTR_variant|MODIFIER|KRAS|ENSG00000133703|transcript|ENST00000557334.5|protein_coding|3/3|c.*177T>G|||||177|,C|upstream_gene_variant|MODIFIER|AC092794.1|ENSG00000274987|transcript|ENST00000612734.1|pseudogene||n.-1034A>C|||||1034|,C|downstream_gene_variant|MODIFIER|ETFRF1|ENSG00000205707|transcript|ENST00000381356.9|protein_coding||c.*5306A>C|||||4475|,C|downstream_gene_variant|MODIFIER|ETFRF1|ENSG00000205707|transcript|ENST00000557540.7|protein_coding||c.*5306A>C|||||4483|,C|downstream_gene_variant|MODIFIER|ETFRF1|ENSG00000205707|transcript|ENST00000556351.6|protein_coding||c.*5306A>C|||||4952|,C|downstream_gene_variant|MODIFIER|ETFRF1|ENSG00000205707|transcript|ENST00000555711.6|protein_coding||c.*5481A>C|||||4935|,C|downstream_gene_variant|MODIFIER|ETFRF1|ENSG00000205707|transcript|ENST00000556927.6|protein_coding||c.*5306A>C|||||4948|,C|downstream_gene_variant|MODIFIER|ETFRF1|ENSG00000205707|transcript|ENST00000556402.6|protein_coding||c.*5530A>C|||||4886|
12	25209655	G	A	.	44	2	4.55%	A|3_prime_UTR_variant|MODIFIER|KRAS|ENSG00000133703|transcript|ENST00000256078.9|protein_coding|6/6|c.*261C>T|||||5786|,A|3_prime_UTR_variant|MODIFIER|KRAS|ENSG00000133703|transcript|ENST00000311936.8|protein_coding|5/5|c.*140C>T|||||140|,A|3_prime_UTR_variant|MODIFIER|KRAS|ENSG00000133703|transcript|ENST00000557334.5|protein_coding|3/3|c.*140C>T|||||140|,A|upstream_gene_variant|MODIFIER|AC092794.1|ENSG00000274987|transcript|ENST00000612734.1|pseudogene||n.-997G>A|||||997|,A|downstream_gene_variant|MODIFIER|ETFRF1|ENSG00000205707|transcript|ENST00000381356.9|protein_coding||c.*5343G>A|||||4512|,A|downstream_gene_variant|MODIFIER|ETFRF1|ENSG00000205707|transcript|ENST00000557540.7|protein_coding||c.*5343G>A|||||4520|,A|downstream_gene_variant|MODIFIER|ETFRF1|ENSG00000205707|transcript|ENST00000556351.6|protein_coding||c.*5343G>A|||||4989|,A|downstream_gene_variant|MODIFIER|ETFRF1|ENSG00000205707|transcript|ENST00000555711.6|protein_coding||c.*5518G>A|||||4972|,A|downstream_gene_variant|MODIFIER|ETFRF1|ENSG00000205707|transcript|ENST00000556927.6|protein_coding||c.*5343G>A|||||4985|,A|downstream_gene_variant|MODIFIER|ETFRF1|ENSG00000205707|transcript|ENST00000556402.6|protein_coding||c.*5567G>A|||||4923|,A|downstream_gene_variant|MODIFIER|ETFRF1|ENSG00000205707|transcript|ENST00000553788.6|protein_coding||c.*392G>A|||||10|
12	25215659	AT	A	.	299	64	20.19%	A|downstream_gene_variant|MODIFIER|AC092794.1|ENSG00000274987|transcript|ENST00000612734.1|pseudogene||n.*4427delT|||||4427|,A|intron_variant|MODIFIER|KRAS|ENSG00000133703|transcript|ENST00000256078.9|protein_coding|4/5|c.451-100delA||||||,A|intron_variant|MODIFIER|KRAS|ENSG00000133703|transcript|ENST00000311936.8|protein_coding|4/4|c.451-5749delA||||||,A|intron_variant|MODIFIER|KRAS|ENSG00000133703|transcript|ENST00000557334.5|protein_coding|2/2|c.112-5749delA||||||
12	25215776	T	A	.	137	6	4.38%	A|downstream_gene_variant|MODIFIER|AC092794.1|ENSG00000274987|transcript|ENST00000612734.1|pseudogene||n.*4543T>A|||||4543|,A|intron_variant|MODIFIER|KRAS|ENSG00000133703|transcript|ENST00000256078.9|protein_coding|4/5|c.451-216A>T||||||,A|intron_variant|MODIFIER|KRAS|ENSG00000133703|transcript|ENST00000311936.8|protein_coding|4/4|c.451-5865A>T||||||,A|intron_variant|MODIFIER|KRAS|ENSG00000133703|transcript|ENST00000557334.5|protein_coding|2/2|c.112-5865A>T||||||
12	25215840	G	A	.	24	14	58.33%	A|downstream_gene_variant|MODIFIER|AC092794.1|ENSG00000274987|transcript|ENST00000612734.1|pseudogene||n.*4607G>A|||||4607|,A|intron_variant|MODIFIER|KRAS|ENSG00000133703|transcript|ENST00000256078.9|protein_coding|4/5|c.451-280C>T||||||,A|intron_variant|MODIFIER|KRAS|ENSG00000133703|transcript|ENST00000311936.8|protein_coding|4/4|c.451-5929C>T||||||,A|intron_variant|MODIFIER|KRAS|ENSG00000133703|transcript|ENST00000557334.5|protein_coding|2/2|c.112-5929C>T||||||
12	25225516	C	T	.	158	2	1.27%	T|intron_variant|MODIFIER|KRAS|ENSG00000133703|transcript|ENST00000256078.9|protein_coding|4/5|c.450+98G>A||||||,T|intron_variant|MODIFIER|KRAS|ENSG00000133703|transcript|ENST00000311936.8|protein_coding|4/4|c.450+98G>A||||||,T|intron_variant|MODIFIER|KRAS|ENSG00000133703|transcript|ENST00000557334.5|protein_coding|2/2|c.112-15605G>A||||||,T|non_coding_transcript_exon_variant|MODIFIER|AC092794.2|ENSG00000275197|transcript|ENST00000620933.1|pseudogene|1/1|n.414C>T||||||
12	25225562	AC	A	.	293	3	1.02%	A|intron_variant|MODIFIER|KRAS|ENSG00000133703|transcript|ENST00000256078.9|protein_coding|4/5|c.450+51delG||||||,A|intron_variant|MODIFIER|KRAS|ENSG00000133703|transcript|ENST00000311936.8|protein_coding|4/4|c.450+51delG||||||,A|intron_variant|MODIFIER|KRAS|ENSG00000133703|transcript|ENST00000557334.5|protein_coding|2/2|c.112-15652delG||||||,A|non_coding_transcript_exon_variant|MODIFIER|AC092794.2|ENSG00000275197|transcript|ENST00000620933.1|pseudogene|1/1|n.461delC||||||
12	25225782	GA	G	.	1430	23	1.61%	G|downstream_gene_variant|MODIFIER|AC092794.2|ENSG00000275197|transcript|ENST00000620933.1|pseudogene||n.*118delA|||||118|,G|intron_variant|MODIFIER|KRAS|ENSG00000133703|transcript|ENST00000256078.9|protein_coding|3/5|c.291-10delT||||||,G|intron_variant|MODIFIER|KRAS|ENSG00000133703|transcript|ENST00000311936.8|protein_coding|3/4|c.291-10delT||||||,G|intron_variant|MODIFIER|KRAS|ENSG00000133703|transcript|ENST00000557334.5|protein_coding|2/2|c.112-15872delT||||||
12	25227068	C	T	.	121	2	1.65%	T|downstream_gene_variant|MODIFIER|AC092794.2|ENSG00000275197|transcript|ENST00000620933.1|pseudogene||n.*1403C>T|||||1403|,T|intron_variant|MODIFIER|KRAS|ENSG00000133703|transcript|ENST00000256078.9|protein_coding|3/5|c.290+166G>A||||||,T|intron_variant|MODIFIER|KRAS|ENSG00000133703|transcript|ENST00000311936.8|protein_coding|3/4|c.290+166G>A||||||,T|intron_variant|MODIFIER|KRAS|ENSG00000133703|transcript|ENST00000557334.5|protein_coding|2/2|c.112-17157G>A||||||
12	25245084	T	A	.	65	39	60%	A|intron_variant|MODIFIER|KRAS|ENSG00000133703|transcript|ENST00000256078.9|protein_coding|2/5|c.111+190A>T||||||,A|intron_variant|MODIFIER|KRAS|ENSG00000133703|transcript|ENST00000311936.8|protein_coding|2/4|c.111+190A>T||||||,A|intron_variant|MODIFIER|KRAS|ENSG00000133703|transcript|ENST00000556131.1|protein_coding|2/2|c.111+190A>T||||||,A|intron_variant|MODIFIER|KRAS|ENSG00000133703|transcript|ENST00000557334.5|protein_coding|2/2|c.111+190A>T||||||
12	25245350	C	T	.	1315	110	8.37%	T|missense_variant|MODERATE|KRAS|ENSG00000133703|transcript|ENST00000256078.9|protein_coding|2/6|c.35G>A|p.Gly12Asp|225/5430|35/570|12/189||,T|missense_variant|MODERATE|KRAS|ENSG00000133703|transcript|ENST00000311936.8|protein_coding|2/5|c.35G>A|p.Gly12Asp|225/5306|35/567|12/188||,T|missense_variant|MODERATE|KRAS|ENSG00000133703|transcript|ENST00000556131.1|protein_coding|2/3|c.35G>A|p.Gly12Asp|212/1696|35/132|12/43||,T|missense_variant|MODERATE|KRAS|ENSG00000133703|transcript|ENST00000557334.5|protein_coding|2/3|c.35G>A|p.Gly12Asp|232/1052|35/228|12/75||
12	25250361	C	G	.	511	7	1.36%	G|intron_variant|MODIFIER|KRAS|ENSG00000133703|transcript|ENST00000256078.9|protein_coding|1/5|c.-12+390G>C||||||,G|intron_variant|MODIFIER|KRAS|ENSG00000133703|transcript|ENST00000311936.8|protein_coding|1/4|c.-12+390G>C||||||,G|intron_variant|MODIFIER|KRAS|ENSG00000133703|transcript|ENST00000556131.1|protein_coding|1/2|c.-12+403G>C||||||,G|intron_variant|MODIFIER|KRAS|ENSG00000133703|transcript|ENST00000557334.5|protein_coding|1/2|c.-12+390G>C||||||
12	25250365	G	GC	.	661	8	1.21%	GC|intron_variant|MODIFIER|KRAS|ENSG00000133703|transcript|ENST00000256078.9|protein_coding|1/5|c.-12+385dupG||||||,GC|intron_variant|MODIFIER|KRAS|ENSG00000133703|transcript|ENST00000311936.8|protein_coding|1/4|c.-12+385dupG||||||,GC|intron_variant|MODIFIER|KRAS|ENSG00000133703|transcript|ENST00000556131.1|protein_coding|1/2|c.-12+398dupG||||||,GC|intron_variant|MODIFIER|KRAS|ENSG00000133703|transcript|ENST00000557334.5|protein_coding|1/2|c.-12+385dupG||||||
12	25250422	C	T	.	949	460	48.47%	T|intron_variant|MODIFIER|KRAS|ENSG00000133703|transcript|ENST00000256078.9|protein_coding|1/5|c.-12+329G>A||||||,T|intron_variant|MODIFIER|KRAS|ENSG00000133703|transcript|ENST00000311936.8|protein_coding|1/4|c.-12+329G>A||||||,T|intron_variant|MODIFIER|KRAS|ENSG00000133703|transcript|ENST00000556131.1|protein_coding|1/2|c.-12+342G>A||||||,T|intron_variant|MODIFIER|KRAS|ENSG00000133703|transcript|ENST00000557334.5|protein_coding|1/2|c.-12+329G>A||||||
12	25250541	A	C	.	309	7	2.27%	C|intron_variant|MODIFIER|KRAS|ENSG00000133703|transcript|ENST00000256078.9|protein_coding|1/5|c.-12+210T>G||||||,C|intron_variant|MODIFIER|KRAS|ENSG00000133703|transcript|ENST00000311936.8|protein_coding|1/4|c.-12+210T>G||||||,C|intron_variant|MODIFIER|KRAS|ENSG00000133703|transcript|ENST00000556131.1|protein_coding|1/2|c.-12+223T>G||||||,C|intron_variant|MODIFIER|KRAS|ENSG00000133703|transcript|ENST00000557334.5|protein_coding|1/2|c.-12+210T>G||||||
12	25250548	A	C	.	305	4	1.31%	C|intron_variant|MODIFIER|KRAS|ENSG00000133703|transcript|ENST00000256078.9|protein_coding|1/5|c.-12+203T>G||||||,C|intron_variant|MODIFIER|KRAS|ENSG00000133703|transcript|ENST00000311936.8|protein_coding|1/4|c.-12+203T>G||||||,C|intron_variant|MODIFIER|KRAS|ENSG00000133703|transcript|ENST00000556131.1|protein_coding|1/2|c.-12+216T>G||||||,C|intron_variant|MODIFIER|KRAS|ENSG00000133703|transcript|ENST00000557334.5|protein_coding|1/2|c.-12+203T>G||||||
12	25250589	C	G	.	238	121	50.84%	G|intron_variant|MODIFIER|KRAS|ENSG00000133703|transcript|ENST00000256078.9|protein_coding|1/5|c.-12+162G>C||||||,G|intron_variant|MODIFIER|KRAS|ENSG00000133703|transcript|ENST00000311936.8|protein_coding|1/4|c.-12+162G>C||||||,G|intron_variant|MODIFIER|KRAS|ENSG00000133703|transcript|ENST00000556131.1|protein_coding|1/2|c.-12+175G>C||||||,G|intron_variant|MODIFIER|KRAS|ENSG00000133703|transcript|ENST00000557334.5|protein_coding|1/2|c.-12+162G>C||||||
12	25250608	A	C	.	157	7	4.46%	C|intron_variant|MODIFIER|KRAS|ENSG00000133703|transcript|ENST00000256078.9|protein_coding|1/5|c.-12+143T>G||||||,C|intron_variant|MODIFIER|KRAS|ENSG00000133703|transcript|ENST00000311936.8|protein_coding|1/4|c.-12+143T>G||||||,C|intron_variant|MODIFIER|KRAS|ENSG00000133703|transcript|ENST00000556131.1|protein_coding|1/2|c.-12+156T>G||||||,C|intron_variant|MODIFIER|KRAS|ENSG00000133703|transcript|ENST00000557334.5|protein_coding|1/2|c.-12+143T>G||||||
12	25250613	G	C	.	159	2	1.26%	C|intron_variant|MODIFIER|KRAS|ENSG00000133703|transcript|ENST00000256078.9|protein_coding|1/5|c.-12+138C>G||||||,C|intron_variant|MODIFIER|KRAS|ENSG00000133703|transcript|ENST00000311936.8|protein_coding|1/4|c.-12+138C>G||||||,C|intron_variant|MODIFIER|KRAS|ENSG00000133703|transcript|ENST00000556131.1|protein_coding|1/2|c.-12+151C>G||||||,C|intron_variant|MODIFIER|KRAS|ENSG00000133703|transcript|ENST00000557334.5|protein_coding|1/2|c.-12+138C>G||||||
12	25250619	A	C	.	139	7	5.04%	C|intron_variant|MODIFIER|KRAS|ENSG00000133703|transcript|ENST00000256078.9|protein_coding|1/5|c.-12+132T>G||||||,C|intron_variant|MODIFIER|KRAS|ENSG00000133703|transcript|ENST00000311936.8|protein_coding|1/4|c.-12+132T>G||||||,C|intron_variant|MODIFIER|KRAS|ENSG00000133703|transcript|ENST00000556131.1|protein_coding|1/2|c.-12+145T>G||||||,C|intron_variant|MODIFIER|KRAS|ENSG00000133703|transcript|ENST00000557334.5|protein_coding|1/2|c.-12+132T>G||||||
12	25250639	A	C	.	105	3	2.86%	C|intron_variant|MODIFIER|KRAS|ENSG00000133703|transcript|ENST00000256078.9|protein_coding|1/5|c.-12+112T>G||||||,C|intron_variant|MODIFIER|KRAS|ENSG00000133703|transcript|ENST00000311936.8|protein_coding|1/4|c.-12+112T>G||||||,C|intron_variant|MODIFIER|KRAS|ENSG00000133703|transcript|ENST00000556131.1|protein_coding|1/2|c.-12+125T>G||||||,C|intron_variant|MODIFIER|KRAS|ENSG00000133703|transcript|ENST00000557334.5|protein_coding|1/2|c.-12+112T>G||||||
12	25250641	C	CA	.	172	2	1.16%	CA|intron_variant|MODIFIER|KRAS|ENSG00000133703|transcript|ENST00000256078.9|protein_coding|1/5|c.-12+109_-12+110insT||||||,CA|intron_variant|MODIFIER|KRAS|ENSG00000133703|transcript|ENST00000311936.8|protein_coding|1/4|c.-12+109_-12+110insT||||||,CA|intron_variant|MODIFIER|KRAS|ENSG00000133703|transcript|ENST00000556131.1|protein_coding|1/2|c.-12+122_-12+123insT||||||,CA|intron_variant|MODIFIER|KRAS|ENSG00000133703|transcript|ENST00000557334.5|protein_coding|1/2|c.-12+109_-12+110insT||||||
12	25250711	G	A	.	118	3	2.54%	A|intron_variant|MODIFIER|KRAS|ENSG00000133703|transcript|ENST00000256078.9|protein_coding|1/5|c.-12+40C>T||||||,A|intron_variant|MODIFIER|KRAS|ENSG00000133703|transcript|ENST00000311936.8|protein_coding|1/4|c.-12+40C>T||||||,A|intron_variant|MODIFIER|KRAS|ENSG00000133703|transcript|ENST00000556131.1|protein_coding|1/2|c.-12+53C>T||||||,A|intron_variant|MODIFIER|KRAS|ENSG00000133703|transcript|ENST00000557334.5|protein_coding|1/2|c.-12+40C>T||||||
