12	25204640	CAA	C	.	243	117	47.95%	C|3_prime_UTR_variant|MODIFIER|ETFRF1|ENSG00000205707|transcript|ENST00000381356.9|protein_coding|3/3|c.*329_*330delAA|||||329|,C|3_prime_UTR_variant|MODIFIER|ETFRF1|ENSG00000205707|transcript|ENST00000557540.7|protein_coding|3/3|c.*329_*330delAA|||||329|,C|3_prime_UTR_variant|MODIFIER|ETFRF1|ENSG00000205707|transcript|ENST00000556351.6|protein_coding|4/4|c.*329_*330delAA|||||329|,C|3_prime_UTR_variant|MODIFIER|ETFRF1|ENSG00000205707|transcript|ENST00000555711.6|protein_coding|3/3|c.*504_*505delAA|||||504|,C|3_prime_UTR_variant|MODIFIER|ETFRF1|ENSG00000205707|transcript|ENST00000556927.6|protein_coding|4/4|c.*329_*330delAA|||||329|,C|3_prime_UTR_variant|MODIFIER|ETFRF1|ENSG00000205707|transcript|ENST00000556402.6|protein_coding|2/2|c.*553_*554delAA|||||553|,C|downstream_gene_variant|MODIFIER|KRAS|ENSG00000133703|transcript|ENST00000256078.9|protein_coding||c.*5274_*5275delTT|||||605|,C|downstream_gene_variant|MODIFIER|KRAS|ENSG00000133703|transcript|ENST00000311936.8|protein_coding||c.*5153_*5154delTT|||||605|,C|downstream_gene_variant|MODIFIER|ETFRF1|ENSG00000205707|transcript|ENST00000554266.6|protein_coding||c.*553_*554delAA|||||469|,C|downstream_gene_variant|MODIFIER|ETFRF1|ENSG00000205707|transcript|ENST00000556198.2|protein_coding||c.*494_*495delAA|||||494|WARNING_TRANSCRIPT_NO_STOP_CODON,C|downstream_gene_variant|MODIFIER|KRAS|ENSG00000133703|transcript|ENST00000557334.5|protein_coding||c.*5153_*5154delTT|||||4527|,C|intron_variant|MODIFIER|ETFRF1|ENSG00000205707|transcript|ENST00000553788.6|protein_coding|3/3|c.51+634_51+635delAA||||||
12	25204694	TA	T	.	754	348	45.43%	T|3_prime_UTR_variant|MODIFIER|ETFRF1|ENSG00000205707|transcript|ENST00000381356.9|protein_coding|3/3|c.*383delA|||||383|,T|3_prime_UTR_variant|MODIFIER|ETFRF1|ENSG00000205707|transcript|ENST00000557540.7|protein_coding|3/3|c.*383delA|||||383|,T|3_prime_UTR_variant|MODIFIER|ETFRF1|ENSG00000205707|transcript|ENST00000556402.6|protein_coding|2/2|c.*607delA|||||607|,T|downstream_gene_variant|MODIFIER|KRAS|ENSG00000133703|transcript|ENST00000256078.9|protein_coding||c.*5221delT|||||551|,T|downstream_gene_variant|MODIFIER|KRAS|ENSG00000133703|transcript|ENST00000311936.8|protein_coding||c.*5100delT|||||551|,T|downstream_gene_variant|MODIFIER|ETFRF1|ENSG00000205707|transcript|ENST00000556351.6|protein_coding||c.*383delA|||||29|,T|downstream_gene_variant|MODIFIER|ETFRF1|ENSG00000205707|transcript|ENST00000555711.6|protein_coding||c.*558delA|||||12|,T|downstream_gene_variant|MODIFIER|ETFRF1|ENSG00000205707|transcript|ENST00000554266.6|protein_coding||c.*607delA|||||523|,T|downstream_gene_variant|MODIFIER|ETFRF1|ENSG00000205707|transcript|ENST00000556927.6|protein_coding||c.*383delA|||||25|,T|downstream_gene_variant|MODIFIER|ETFRF1|ENSG00000205707|transcript|ENST00000556198.2|protein_coding||c.*548delA|||||548|WARNING_TRANSCRIPT_NO_STOP_CODON,T|downstream_gene_variant|MODIFIER|KRAS|ENSG00000133703|transcript|ENST00000557334.5|protein_coding||c.*5100delT|||||4473|,T|intron_variant|MODIFIER|ETFRF1|ENSG00000205707|transcript|ENST00000553788.6|protein_coding|3/3|c.51+688delA||||||
12	25205015	AT	A	.	615	9	1.46%	A|3_prime_UTR_variant|MODIFIER|ETFRF1|ENSG00000205707|transcript|ENST00000381356.9|protein_coding|3/3|c.*710delT|||||710|INFO_REALIGN_3_PRIME,A|3_prime_UTR_variant|MODIFIER|ETFRF1|ENSG00000205707|transcript|ENST00000557540.7|protein_coding|3/3|c.*710delT|||||710|INFO_REALIGN_3_PRIME,A|downstream_gene_variant|MODIFIER|KRAS|ENSG00000133703|transcript|ENST00000256078.9|protein_coding||c.*4900delA|||||230|,A|downstream_gene_variant|MODIFIER|KRAS|ENSG00000133703|transcript|ENST00000311936.8|protein_coding||c.*4779delA|||||230|,A|downstream_gene_variant|MODIFIER|ETFRF1|ENSG00000205707|transcript|ENST00000556351.6|protein_coding||c.*704delT|||||350|,A|downstream_gene_variant|MODIFIER|ETFRF1|ENSG00000205707|transcript|ENST00000555711.6|protein_coding||c.*879delT|||||333|,A|downstream_gene_variant|MODIFIER|ETFRF1|ENSG00000205707|transcript|ENST00000554266.6|protein_coding||c.*928delT|||||844|,A|downstream_gene_variant|MODIFIER|ETFRF1|ENSG00000205707|transcript|ENST00000556927.6|protein_coding||c.*704delT|||||346|,A|downstream_gene_variant|MODIFIER|ETFRF1|ENSG00000205707|transcript|ENST00000556402.6|protein_coding||c.*928delT|||||284|,A|downstream_gene_variant|MODIFIER|ETFRF1|ENSG00000205707|transcript|ENST00000556198.2|protein_coding||c.*869delT|||||869|WARNING_TRANSCRIPT_NO_STOP_CODON,A|downstream_gene_variant|MODIFIER|KRAS|ENSG00000133703|transcript|ENST00000557334.5|protein_coding||c.*4779delA|||||4152|,A|intron_variant|MODIFIER|ETFRF1|ENSG00000205707|transcript|ENST00000553788.6|protein_coding|3/3|c.51+1015delT||||||INFO_REALIGN_3_PRIME
12	25209618	A	C	.	41	22	53.66%	C|3_prime_UTR_variant|MODIFIER|KRAS|ENSG00000133703|transcript|ENST00000256078.9|protein_coding|6/6|c.*298T>G|||||5823|,C|3_prime_UTR_variant|MODIFIER|KRAS|ENSG00000133703|transcript|ENST00000311936.8|protein_coding|5/5|c.*177T>G|||||177|,C|3_prime_UTR_variant|MODIFIER|ETFRF1|ENSG00000205707|transcript|ENST00000553788.6|protein_coding|4/4|c.*355A>C|||||355|,C|3_prime_UTR_variant|MODIFIER|KRAS|ENSG00000133703|transcript|ENST00000557334.5|protein_coding|3/3|c.*177T>G|||||177|,C|upstream_gene_variant|MODIFIER|AC092794.1|ENSG00000274987|transcript|ENST00000612734.1|pseudogene||n.-1034A>C|||||1034|,C|downstream_gene_variant|MODIFIER|ETFRF1|ENSG00000205707|transcript|ENST00000381356.9|protein_coding||c.*5306A>C|||||4475|,C|downstream_gene_variant|MODIFIER|ETFRF1|ENSG00000205707|transcript|ENST00000557540.7|protein_coding||c.*5306A>C|||||4483|,C|downstream_gene_variant|MODIFIER|ETFRF1|ENSG00000205707|transcript|ENST00000556351.6|protein_coding||c.*5306A>C|||||4952|,C|downstream_gene_variant|MODIFIER|ETFRF1|ENSG00000205707|transcript|ENST00000555711.6|protein_coding||c.*5481A>C|||||4935|,C|downstream_gene_variant|MODIFIER|ETFRF1|ENSG00000205707|transcript|ENST00000556927.6|protein_coding||c.*5306A>C|||||4948|,C|downstream_gene_variant|MODIFIER|ETFRF1|ENSG00000205707|transcript|ENST00000556402.6|protein_coding||c.*5530A>C|||||4886|
12	25209622	G	GA	.	50	3	5.88%	GA|3_prime_UTR_variant|MODIFIER|KRAS|ENSG00000133703|transcript|ENST00000256078.9|protein_coding|6/6|c.*293dupT|||||5818|,GA|3_prime_UTR_variant|MODIFIER|KRAS|ENSG00000133703|transcript|ENST00000311936.8|protein_coding|5/5|c.*172dupT|||||172|,GA|3_prime_UTR_variant|MODIFIER|ETFRF1|ENSG00000205707|transcript|ENST00000553788.6|protein_coding|4/4|c.*368dupA|||||369|INFO_REALIGN_3_PRIME,GA|3_prime_UTR_variant|MODIFIER|KRAS|ENSG00000133703|transcript|ENST00000557334.5|protein_coding|3/3|c.*172dupT|||||172|,GA|upstream_gene_variant|MODIFIER|AC092794.1|ENSG00000274987|transcript|ENST00000612734.1|pseudogene||n.-1030_-1029insA|||||1029|,GA|downstream_gene_variant|MODIFIER|ETFRF1|ENSG00000205707|transcript|ENST00000381356.9|protein_coding||c.*5310_*5311insA|||||4480|,GA|downstream_gene_variant|MODIFIER|ETFRF1|ENSG00000205707|transcript|ENST00000557540.7|protein_coding||c.*5310_*5311insA|||||4488|,GA|downstream_gene_variant|MODIFIER|ETFRF1|ENSG00000205707|transcript|ENST00000556351.6|protein_coding||c.*5310_*5311insA|||||4957|,GA|downstream_gene_variant|MODIFIER|ETFRF1|ENSG00000205707|transcript|ENST00000555711.6|protein_coding||c.*5485_*5486insA|||||4940|,GA|downstream_gene_variant|MODIFIER|ETFRF1|ENSG00000205707|transcript|ENST00000556927.6|protein_coding||c.*5310_*5311insA|||||4953|,GA|downstream_gene_variant|MODIFIER|ETFRF1|ENSG00000205707|transcript|ENST00000556402.6|protein_coding||c.*5534_*5535insA|||||4891|
12	25210071	T	A	.	84	2	2.38%	A|upstream_gene_variant|MODIFIER|AC092794.1|ENSG00000274987|transcript|ENST00000612734.1|pseudogene||n.-581T>A|||||581|,A|downstream_gene_variant|MODIFIER|ETFRF1|ENSG00000205707|transcript|ENST00000381356.9|protein_coding||c.*5759T>A|||||4928|,A|downstream_gene_variant|MODIFIER|ETFRF1|ENSG00000205707|transcript|ENST00000557540.7|protein_coding||c.*5759T>A|||||4936|,A|downstream_gene_variant|MODIFIER|ETFRF1|ENSG00000205707|transcript|ENST00000553788.6|protein_coding||c.*808T>A|||||426|,A|intron_variant|MODIFIER|KRAS|ENSG00000133703|transcript|ENST00000256078.9|protein_coding|5/5|c.*5-160A>T||||||,A|intron_variant|MODIFIER|KRAS|ENSG00000133703|transcript|ENST00000311936.8|protein_coding|4/4|c.451-160A>T||||||,A|intron_variant|MODIFIER|KRAS|ENSG00000133703|transcript|ENST00000557334.5|protein_coding|2/2|c.112-160A>T||||||
12	25215150	T	C	.	10	8	80%	C|downstream_gene_variant|MODIFIER|AC092794.1|ENSG00000274987|transcript|ENST00000612734.1|pseudogene||n.*3917T>C|||||3917|,C|intron_variant|MODIFIER|KRAS|ENSG00000133703|transcript|ENST00000256078.9|protein_coding|5/5|c.*4+287A>G||||||,C|intron_variant|MODIFIER|KRAS|ENSG00000133703|transcript|ENST00000311936.8|protein_coding|4/4|c.451-5239A>G||||||,C|intron_variant|MODIFIER|KRAS|ENSG00000133703|transcript|ENST00000557334.5|protein_coding|2/2|c.112-5239A>G||||||
12	25215659	AT	A	.	339	59	15.86%	A|downstream_gene_variant|MODIFIER|AC092794.1|ENSG00000274987|transcript|ENST00000612734.1|pseudogene||n.*4427delT|||||4427|,A|intron_variant|MODIFIER|KRAS|ENSG00000133703|transcript|ENST00000256078.9|protein_coding|4/5|c.451-100delA||||||,A|intron_variant|MODIFIER|KRAS|ENSG00000133703|transcript|ENST00000311936.8|protein_coding|4/4|c.451-5749delA||||||,A|intron_variant|MODIFIER|KRAS|ENSG00000133703|transcript|ENST00000557334.5|protein_coding|2/2|c.112-5749delA||||||
12	25215840	G	A	.	27	18	66.67%	A|downstream_gene_variant|MODIFIER|AC092794.1|ENSG00000274987|transcript|ENST00000612734.1|pseudogene||n.*4607G>A|||||4607|,A|intron_variant|MODIFIER|KRAS|ENSG00000133703|transcript|ENST00000256078.9|protein_coding|4/5|c.451-280C>T||||||,A|intron_variant|MODIFIER|KRAS|ENSG00000133703|transcript|ENST00000311936.8|protein_coding|4/4|c.451-5929C>T||||||,A|intron_variant|MODIFIER|KRAS|ENSG00000133703|transcript|ENST00000557334.5|protein_coding|2/2|c.112-5929C>T||||||
12	25227598	T	A	.	102	2	1.96%	A|downstream_gene_variant|MODIFIER|AC092794.2|ENSG00000275197|transcript|ENST00000620933.1|pseudogene||n.*1933T>A|||||1933|,A|intron_variant|MODIFIER|KRAS|ENSG00000133703|transcript|ENST00000256078.9|protein_coding|2/5|c.112-186A>T||||||,A|intron_variant|MODIFIER|KRAS|ENSG00000133703|transcript|ENST00000311936.8|protein_coding|2/4|c.112-186A>T||||||,A|intron_variant|MODIFIER|KRAS|ENSG00000133703|transcript|ENST00000557334.5|protein_coding|2/2|c.111+17676A>T||||||
12	25245084	T	A	.	55	25	45.45%	A|intron_variant|MODIFIER|KRAS|ENSG00000133703|transcript|ENST00000256078.9|protein_coding|2/5|c.111+190A>T||||||,A|intron_variant|MODIFIER|KRAS|ENSG00000133703|transcript|ENST00000311936.8|protein_coding|2/4|c.111+190A>T||||||,A|intron_variant|MODIFIER|KRAS|ENSG00000133703|transcript|ENST00000556131.1|protein_coding|2/2|c.111+190A>T||||||,A|intron_variant|MODIFIER|KRAS|ENSG00000133703|transcript|ENST00000557334.5|protein_coding|2/2|c.111+190A>T||||||
12	25245136	C	T	.	128	2	1.56%	T|intron_variant|MODIFIER|KRAS|ENSG00000133703|transcript|ENST00000256078.9|protein_coding|2/5|c.111+138G>A||||||,T|intron_variant|MODIFIER|KRAS|ENSG00000133703|transcript|ENST00000311936.8|protein_coding|2/4|c.111+138G>A||||||,T|intron_variant|MODIFIER|KRAS|ENSG00000133703|transcript|ENST00000556131.1|protein_coding|2/2|c.111+138G>A||||||,T|intron_variant|MODIFIER|KRAS|ENSG00000133703|transcript|ENST00000557334.5|protein_coding|2/2|c.111+138G>A||||||
12	25250339	C	G	.	827	10	1.21%	G|intron_variant|MODIFIER|KRAS|ENSG00000133703|transcript|ENST00000256078.9|protein_coding|1/5|c.-12+412G>C||||||,G|intron_variant|MODIFIER|KRAS|ENSG00000133703|transcript|ENST00000311936.8|protein_coding|1/4|c.-12+412G>C||||||,G|intron_variant|MODIFIER|KRAS|ENSG00000133703|transcript|ENST00000556131.1|protein_coding|1/2|c.-12+425G>C||||||,G|intron_variant|MODIFIER|KRAS|ENSG00000133703|transcript|ENST00000557334.5|protein_coding|1/2|c.-12+412G>C||||||
12	25250361	C	CG	.	811	18	2.21%	CG|intron_variant|MODIFIER|KRAS|ENSG00000133703|transcript|ENST00000256078.9|protein_coding|1/5|c.-12+389dupC||||||,CG|intron_variant|MODIFIER|KRAS|ENSG00000133703|transcript|ENST00000311936.8|protein_coding|1/4|c.-12+389dupC||||||,CG|intron_variant|MODIFIER|KRAS|ENSG00000133703|transcript|ENST00000556131.1|protein_coding|1/2|c.-12+402dupC||||||,CG|intron_variant|MODIFIER|KRAS|ENSG00000133703|transcript|ENST00000557334.5|protein_coding|1/2|c.-12+389dupC||||||
12	25250365	G	GC	.	971	15	1.54%	GC|intron_variant|MODIFIER|KRAS|ENSG00000133703|transcript|ENST00000256078.9|protein_coding|1/5|c.-12+385dupG||||||,GC|intron_variant|MODIFIER|KRAS|ENSG00000133703|transcript|ENST00000311936.8|protein_coding|1/4|c.-12+385dupG||||||,GC|intron_variant|MODIFIER|KRAS|ENSG00000133703|transcript|ENST00000556131.1|protein_coding|1/2|c.-12+398dupG||||||,GC|intron_variant|MODIFIER|KRAS|ENSG00000133703|transcript|ENST00000557334.5|protein_coding|1/2|c.-12+385dupG||||||
12	25250422	C	T	.	1364	620	45.45%	T|intron_variant|MODIFIER|KRAS|ENSG00000133703|transcript|ENST00000256078.9|protein_coding|1/5|c.-12+329G>A||||||,T|intron_variant|MODIFIER|KRAS|ENSG00000133703|transcript|ENST00000311936.8|protein_coding|1/4|c.-12+329G>A||||||,T|intron_variant|MODIFIER|KRAS|ENSG00000133703|transcript|ENST00000556131.1|protein_coding|1/2|c.-12+342G>A||||||,T|intron_variant|MODIFIER|KRAS|ENSG00000133703|transcript|ENST00000557334.5|protein_coding|1/2|c.-12+329G>A||||||
12	25250541	A	C	.	397	4	1.01%	C|intron_variant|MODIFIER|KRAS|ENSG00000133703|transcript|ENST00000256078.9|protein_coding|1/5|c.-12+210T>G||||||,C|intron_variant|MODIFIER|KRAS|ENSG00000133703|transcript|ENST00000311936.8|protein_coding|1/4|c.-12+210T>G||||||,C|intron_variant|MODIFIER|KRAS|ENSG00000133703|transcript|ENST00000556131.1|protein_coding|1/2|c.-12+223T>G||||||,C|intron_variant|MODIFIER|KRAS|ENSG00000133703|transcript|ENST00000557334.5|protein_coding|1/2|c.-12+210T>G||||||
12	25250589	C	G	.	277	121	43.68%	G|intron_variant|MODIFIER|KRAS|ENSG00000133703|transcript|ENST00000256078.9|protein_coding|1/5|c.-12+162G>C||||||,G|intron_variant|MODIFIER|KRAS|ENSG00000133703|transcript|ENST00000311936.8|protein_coding|1/4|c.-12+162G>C||||||,G|intron_variant|MODIFIER|KRAS|ENSG00000133703|transcript|ENST00000556131.1|protein_coding|1/2|c.-12+175G>C||||||,G|intron_variant|MODIFIER|KRAS|ENSG00000133703|transcript|ENST00000557334.5|protein_coding|1/2|c.-12+162G>C||||||
12	25250639	A	C	.	123	3	2.44%	C|intron_variant|MODIFIER|KRAS|ENSG00000133703|transcript|ENST00000256078.9|protein_coding|1/5|c.-12+112T>G||||||,C|intron_variant|MODIFIER|KRAS|ENSG00000133703|transcript|ENST00000311936.8|protein_coding|1/4|c.-12+112T>G||||||,C|intron_variant|MODIFIER|KRAS|ENSG00000133703|transcript|ENST00000556131.1|protein_coding|1/2|c.-12+125T>G||||||,C|intron_variant|MODIFIER|KRAS|ENSG00000133703|transcript|ENST00000557334.5|protein_coding|1/2|c.-12+112T>G||||||
12	25250747	G	A	.	46	2	4.35%	A|splice_region_variant&intron_variant|LOW|KRAS|ENSG00000133703|transcript|ENST00000256078.9|protein_coding|1/5|c.-12+4C>T||||||,A|splice_region_variant&intron_variant|LOW|KRAS|ENSG00000133703|transcript|ENST00000311936.8|protein_coding|1/4|c.-12+4C>T||||||,A|splice_region_variant&intron_variant|LOW|KRAS|ENSG00000133703|transcript|ENST00000557334.5|protein_coding|1/2|c.-12+4C>T||||||,A|intron_variant|MODIFIER|KRAS|ENSG00000133703|transcript|ENST00000556131.1|protein_coding|1/2|c.-12+17C>T||||||
